Codigo;Nome;TipoEstacao;TipoEstacaoCodigo;Operando;CodigoAdicional;Latitude;Longitude;Altitude;AreaDrenagem;Bacia;BaciaCodigo;SubBacia;SubBaciaCodigo;Rio;RioCodigo;UF;UFCodigo;Municipio;MunicipioCodigo;Responsavel;ResponsavelSigla;ResponsavelCodigo;ResponsavelUnidade;Operadora;OperadoraSigla;OperadoraCodigo;OperadoraUnidade;OperadoraRoteiro;EscalaNivel;EscalaNivelInicio;EscalaNivelFim;RegistradorNivel;RegistradorNivelInicio;RegistradorNivelFim;MedicaoDescargaLiquida;MedicaoDescargaLiquidaInicio;MedicaoDescargaLiquidaInicioFim;MedicaoDescargaSolida;MedicaoDescargaSolidaInicio;MedicaoDescargaSolidaFim;MedicaoQA;MedicaoQAInicio;MedicaoQAFim;PluviometroConvencional;PluviometroConvencionalInicio;PluviometroConvencionalFim;RegistradorChuva;RegistradorChuvaInicio;RegistradorChuvaFim;TanqueEvaporimetrico;TanqueEvaporimetricoInicio;TanqueEvaporimetricoFim;EstacaoClimatologica;EstacaoClimatologicaInicio;EstacaoClimatologicaFim;EstacaoPiezometria;EstacaoPiezometriaInicio;EstacaoPiezometriaFim;EstacaoTelemetrica;EstacaoTelemetricaInicio;EstacaoTelemetricaFim;RedeBasica;RedeEnergetica;RedeNavegacao;RedeCursoDagua;RedeEstrategica;RedeCaptacao;RedeRHNR;RedeQA;RedeClasseVazao;Descricao;Geom;x;y
"1.547.002";PLANALTINA;Pluviométrica;"2";Sim;;"-15,643";"-47,651";"991";;RIO TOCANTINS;"2";RIO TOCANTINS,MARANHÃO,PALMAS..;"20";;"0";DISTRITO FEDERAL;"27";PLANALTINA;"27.012.000";Furnas Centrais Elétricas S.A.;FURNAS;"69";RJ;Furnas Centrais Elétricas S.A.;FURNAS;"69";RJ;"1";Não;;;Não;;;Não;;;Não;;;Não;;;Sim;31/7/1973;;Não;;;Não;;;Não;;;Não;;;Não;;;Não;Sim;Não;Não;Não;Nulo;Não;Não;Não;;;"-47,651";"-15,643"
"1.547.004";BRASÍLIA;Pluviométrica;"2";Sim;83377;"-15,79";"-47,923";"1.159,54";;RIO PARANÁ;"6";RIO PARANAÍBA;"60";;"0";DISTRITO FEDERAL;"27";BRASÍLIA;"27.001.000";Instituto Nacional de Meteorologia;INMET;"5";;Instituto Nacional de Meteorologia;INMET;"5";;;Não;;;Não;;;Não;;;Não;;;Não;;;Sim;31/7/1961;;Sim;31/7/1961;;Sim;31/7/1961;;Sim;31/7/1961;;Não;;;Sim;30/4/2000;;Não;Não;Sim;Não;Não;Sim;Não;Não;Não;TELEMÉTRICA;;"-47,923";"-15,79"
"1.547.005";BRASÍLIA (NÚCLEO BANDEIRANTE);Pluviométrica;"2";Sim;83380;"-15,783";"-47,933";"1.158";;RIO PARANÁ;"6";RIO PARANAÍBA;"60";;"0";DISTRITO FEDERAL;"27";BRASÍLIA;"27.001.000";Instituto Nacional de Meteorologia;INMET;"5";;Instituto Nacional de Meteorologia;INMET;"5";;;Não;;;Não;;;Não;;;Não;;;Não;;;Sim;30/9/1969;;Sim;30/9/1969;;Sim;30/9/1969;;Sim;30/9/1969;;Não;;;Não;;;Não;Não;Não;Não;Não;Não;Não;Não;Não;;;"-47,933";"-15,783"
"1.547.006";BRASÍLIA - AEROPORTO;Pluviométrica;"2";Sim;83378;"-15,85";"-47,9";"1.060";;RIO PARANÁ;"6";RIO PARANAÍBA;"60";;"0";DISTRITO FEDERAL;"27";BRASÍLIA;"27.001.000";Diretoria de Eletrônica e Proteção ao Voo do Ministério da Aeronáutica;DEPV;"57";;Diretoria de Eletrônica e Proteção ao Voo do Ministério da Aeronáutica;DEPV;"57";;;Não;;;Não;;;Não;;;Não;;;Não;;;Sim;31/5/1960;;Sim;31/5/1960;;Sim;31/5/1960;;Sim;31/5/1960;;Não;;;Não;;;Não;Não;Não;Nulo;Não;Nulo;Não;Não;Não;;;"-47,9";"-15,85"
"1.547.008";ETE SUL;Pluviométrica;"2";Sim;;"-15,841";"-47,909";"1.005";;RIO PARANÁ;"6";RIO PARANAÍBA;"60";;"0";DISTRITO FEDERAL;"27";BRASÍLIA;"27.001.000";Companhia de Saneamento Ambiental do Distrito Federal;CAESB;"77";;Companhia de Saneamento Ambiental do Distrito Federal;CAESB;"77";;;Não;;;Não;;;Não;;;Não;;;Não;;;Sim;31/12/1970;;Não;;;Não;;;Não;;;Não;;;Não;;;Não;Não;Não;Não;Sim;Nulo;Não;Não;Não;;;"-47,909";"-15,841"
"1.547.009";ETE NORTE;Pluviométrica;"2";Sim;;"-15,743";"-47,877";"1.010";;RIO PARANÁ;"6";RIO PARANAÍBA;"60";;"0";DISTRITO FEDERAL;"27";BRASÍLIA;"27.001.000";Companhia de Saneamento Ambiental do Distrito Federal;CAESB;"77";;Companhia de Saneamento Ambiental do Distrito Federal;CAESB;"77";;;Não;;;Não;;;Não;;;Não;;;Não;;;Sim;31/12/1970;;Não;;;Não;;;Não;;;Não;;;Não;;;Não;Não;Não;Não;Sim;Nulo;Não;Não;Não;;;"-47,877";"-15,743"
"1.547.010";CONTAGEM;Pluviométrica;"2";Sim;;"-15,653";"-47,879";"1.242";;RIO TOCANTINS;"2";RIO TOCANTINS,MARANHÃO,PALMAS..;"20";;"0";DISTRITO FEDERAL;"27";BRASÍLIA;"27.001.000";Companhia de Saneamento Ambiental do Distrito Federal;CAESB;"77";;Companhia de Saneamento Ambiental do Distrito Federal;CAESB;"77";;;Não;;;Não;;;Não;;;Não;;;Não;;;Sim;30/9/1970;;Sim;30/9/1970;;Não;;;Não;;;Não;;;Não;;;Não;Não;Não;Não;Não;Nulo;Não;Não;Não;;;"-47,879";"-15,653"
"1.547.013";TAQUARA;Pluviométrica;"2";Sim;;"-15,632";"-47,52";"1.053";;RIO PARANÁ;"6";RIO PARANAÍBA;"60";;"0";DISTRITO FEDERAL;"27";BRASÍLIA;"27.001.000";Companhia de Saneamento Ambiental do Distrito Federal;CAESB;"77";;Companhia de Saneamento Ambiental do Distrito Federal;CAESB;"77";;;Não;;;Não;;;Não;;;Não;;;Não;;;Sim;30/11/1971;;Sim;30/11/2010;;Não;;;Sim;30/11/1971;;Não;;;Não;;;Não;Não;Não;Não;Sim;Nulo;Não;Não;Não;;;"-47,52";"-15,632"
"1.547.014";ÁREA ALFA;Pluviométrica;"2";Sim;;"-15,979";"-47,975";"1.206";;RIO PARANÁ;"6";RIO PARANAÍBA;"60";;"0";DISTRITO FEDERAL;"27";BRASÍLIA;"27.001.000";Companhia de Saneamento Ambiental do Distrito Federal;CAESB;"77";;Companhia de Saneamento Ambiental do Distrito Federal;CAESB;"77";;;Não;;;Não;;;Não;;;Não;;;Não;;;Sim;30/9/1972;;Sim;30/11/2010;;Não;;;Não;;;Não;;;Não;;;Não;Não;Não;Não;Sim;Nulo;Não;Não;Não;;;"-47,975";"-15,979"
"1.547.015";ETE - SOBRADINHO;Pluviométrica;"2";Sim;;"-15,661";"-47,812";"1.040";;RIO PARANÁ;"6";RIO PARANAÍBA;"60";;"0";DISTRITO FEDERAL;"27";BRASÍLIA;"27.001.000";Companhia de Saneamento Ambiental do Distrito Federal;CAESB;"77";;Companhia de Saneamento Ambiental do Distrito Federal;CAESB;"77";;;Não;;;Não;;;Não;;;Não;;;Não;;;Sim;30/9/1972;;Não;;;Não;;;Não;;;Não;;;Não;;;Não;Não;Não;Não;Sim;Nulo;Não;Não;Não;;;"-47,812";"-15,661"
"1.547.016";CPAC - PRINCIPAL;Pluviométrica;"2";Sim;;"-15,583";"-47,7";"1.007";;RIO PARANÁ;"6";RIO PARANAÍBA;"60";;"0";DISTRITO FEDERAL;"27";BRASÍLIA;"27.001.000";Empresa Brasileira de Pesquisa Agropecuária;EMBRAPA/IPAGRO;"42";;Empresa Brasileira de Pesquisa Agropecuária;EMBRAPA/IPAGRO;"42";;;Não;;;Não;;;Não;;;Não;;;Não;;;Sim;31/8/1973;;Sim;31/8/1973;;Sim;31/8/1973;;Sim;31/8/1973;;Não;;;Não;;;Não;Não;Não;Não;Não;Nulo;Não;Não;Não;;;"-47,7";"-15,583"
"1.547.017";SANTA MARIA;Pluviométrica;"2";Sim;;"-15,67";"-47,953";"1.078";;RIO PARANÁ;"6";RIO PARANAÍBA;"60";;"0";DISTRITO FEDERAL;"27";BRASÍLIA;"27.001.000";Companhia de Saneamento Ambiental do Distrito Federal;CAESB;"77";;Companhia de Saneamento Ambiental do Distrito Federal;CAESB;"77";;;Não;;;Não;;;Não;;;Não;;;Não;;;Sim;31/7/1978;;Sim;31/7/1978;;Não;;;Não;;;Não;;;Não;;;Não;Não;Não;Não;Sim;Nulo;Não;Não;Não;;;"-47,952";"-15,67"
"1.547.018";JOCKEY CLUB;Pluviométrica;"2";Sim;;"-15,806";"-47,998";"1.103";;RIO PARANÁ;"6";RIO PARANAÍBA;"60";;"0";DISTRITO FEDERAL;"27";BRASÍLIA;"27.001.000";Companhia de Saneamento Ambiental do Distrito Federal;CAESB;"77";;Companhia de Saneamento Ambiental do Distrito Federal;CAESB;"77";;;Não;;;Não;;;Não;;;Não;;;Não;;;Sim;30/9/1978;;Não;;;Não;;;Não;;;Não;;;Não;;;Não;Não;Não;Não;Não;Nulo;Não;Não;Não;;;"-47,998";"-15,806"
"1.547.019";ETA CABEÇA DE VEADO;Pluviométrica;"2";Sim;;"-15,891";"-47,846";"1.064";;RIO PARANÁ;"6";RIO PARANAÍBA;"60";;"0";DISTRITO FEDERAL;"27";BRASÍLIA;"27.001.000";Companhia de Saneamento Ambiental do Distrito Federal;CAESB;"77";;Companhia de Saneamento Ambiental do Distrito Federal;CAESB;"77";;;Não;;;Não;;;Não;;;Não;;;Não;;;Sim;30/6/1978;;Não;;;Não;;;Não;;;Não;;;Não;;;Não;Não;Não;Não;Sim;Nulo;Não;Não;Não;;;"-47,846";"-15,891"
"1.547.020";ETE PARANOÁ;Pluviométrica;"2";Sim;;"-15,797";"-47,784";"1.010";;RIO PARANÁ;"6";RIO PARANAÍBA;"60";;"0";DISTRITO FEDERAL;"27";BRASÍLIA;"27.001.000";Companhia de Saneamento Ambiental do Distrito Federal;CAESB;"77";;Companhia de Saneamento Ambiental do Distrito Federal;CAESB;"77";;;Não;;;Não;;;Não;;;Não;;;Não;;;Sim;30/9/1978;;Sim;30/9/1978;;Não;;;Não;;;Não;;;Não;;;Não;Não;Não;Não;Sim;Nulo;Não;Não;Não;;;"-47,784";"-15,797"
"1.547.021";BARREIRO DF-130;Pluviométrica;"2";Sim;;"-15,839";"-47,627";"998";;RIO SÃO FRANCISCO;"4";RIOS SÃO FRANCISCO,PARACATU E;"42";;"0";DISTRITO FEDERAL;"27";BRASÍLIA;"27.001.000";Companhia de Saneamento Ambiental do Distrito Federal;CAESB;"77";;Companhia de Saneamento Ambiental do Distrito Federal;CAESB;"77";;;Não;;;Não;;;Não;;;Não;;;Não;;;Sim;30/9/1978;;Não;;;Não;;;Não;;;Não;;;Não;;;Não;Não;Não;Não;Sim;Nulo;Não;Não;Não;;;"-47,627";"-15,839"
"1.547.022";RIO PRETO;Pluviométrica;"2";Sim;;"-15,792";"-47,433";"890";;RIO SÃO FRANCISCO;"4";RIOS SÃO FRANCISCO,PARACATU E;"42";;"0";DISTRITO FEDERAL;"27";BRASÍLIA;"27.001.000";Companhia de Saneamento Ambiental do Distrito Federal;CAESB;"77";;Companhia de Saneamento Ambiental do Distrito Federal;CAESB;"77";;;Não;;;Não;;;Não;;;Não;;;Não;;;Sim;30/9/1978;;Sim;30/9/1978;;Não;;;Não;;;Não;;;Não;;;Não;Não;Não;Não;Sim;Nulo;Não;Não;Não;;;"-47,433";"-15,792"
"1.547.023";BRASÍLIA - FAZ. SUCUPIRA;Pluviométrica;"2";Sim;83372;"-15,867";"-47,95";"1.117";;RIO PARANÁ;"6";RIO PARANAÍBA;"60";;"0";DISTRITO FEDERAL;"27";BRASÍLIA;"27.001.000";Instituto Nacional de Meteorologia;INMET;"5";;Instituto Nacional de Meteorologia;INMET;"5";;;Não;;;Não;;;Não;;;Não;;;Não;;;Sim;31/8/1984;;Sim;31/8/1984;;Sim;31/8/1984;;Sim;31/8/1984;;Não;;;Não;;;Não;Não;Não;Não;Não;Não;Não;Não;Não;;;"-47,95";"-15,867"
"1.547.025";CPAC - CHAPADA;Pluviométrica;"2";Sim;P19;"-15,592";"-47,7";"1.175";;RIO PARANÁ;"6";RIO PARANAÍBA;"60";;"0";DISTRITO FEDERAL;"27";BRASÍLIA;"27.001.000";Empresa Brasileira de Pesquisa Agropecuária;EMBRAPA/IPAGRO;"42";;Empresa Brasileira de Pesquisa Agropecuária;EMBRAPA/IPAGRO;"42";;;Não;;;Não;;;Não;;;Não;;;Não;;;Sim;31/12/1977;;Sim;31/12/1977;;Sim;31/12/1977;;Sim;31/12/1977;;Não;;;Não;;;Não;Não;Não;Nulo;Não;Nulo;Não;Não;Não;;;"-47,7";"-15,592"
"1.547.026";RONCADOR;Pluviométrica;"2";Sim;83373;"-15,933";"-47,883";"1.100";;RIO PARANÁ;"6";RIO PARANAÍBA;"60";;"0";DISTRITO FEDERAL;"27";BRASÍLIA;"27.001.000";Instituto Nacional de Meteorologia;INMET;"5";;Instituto Nacional de Meteorologia;INMET;"5";;;Não;;;Não;;;Não;;;Não;;;Não;;;Sim;30/9/1979;;Sim;30/9/1979;;Sim;30/9/1979;;Sim;30/9/1979;;Não;;;Não;;;Não;Não;Não;Não;Não;Sim;Não;Não;Não;;;"-47,883";"-15,933"
"1.547.028";FAZENDA ÁGUA LIMPA (UnB);Pluviométrica;"2";Sim;;"-15,867";"-47,867";"1.070";;RIO PARANÁ;"6";RIO PARANAÍBA;"60";;"0";DISTRITO FEDERAL;"27";BRASÍLIA;"27.001.000";Instituto Nacional de Meteorologia;INMET;"5";;Instituto Nacional de Meteorologia;INMET;"5";;;Não;;;Não;;;Não;;;Não;;;Não;;;Sim;31/12/1988;;Sim;31/12/1988;;Sim;31/12/1988;;Sim;31/12/1988;;Não;;;Não;;;Não;Não;Não;Não;Não;Não;Não;Não;Não;;;"-47,867";"-15,867"
"1.547.029";CAESB-HIDROLOGIA;Pluviométrica;"2";Sim;;"-15,776";"-47,906";"1.134";;RIO PARANÁ;"6";RIO PARANAÍBA;"60";;"0";DISTRITO FEDERAL;"27";BRASÍLIA;"27.001.000";Companhia de Saneamento Ambiental do Distrito Federal;CAESB;"77";;Companhia de Saneamento Ambiental do Distrito Federal;CAESB;"77";;;Não;;;Não;;;Não;;;Não;;;Não;;;Sim;31/12/1998;;Não;;;Não;;;Sim;28/2/2009;;Não;;;Não;;;Não;Não;Não;Não;Não;Nulo;Não;Não;Não;;;"-47,906";"-15,776"
"1.547.030";FAZ. RIO DE JANEIRO (Embrapa);Pluviométrica;"2";Sim;;"-15,23";"-47,696";"909";;RIO PARANÁ;"6";RIO PARANAÍBA;"60";;"0";DISTRITO FEDERAL;"27";BRASÍLIA;"27.001.000";Empresa Brasileira de Pesquisa Agropecuária;EMBRAPA/IPAGRO;"42";;Empresa Brasileira de Pesquisa Agropecuária;EMBRAPA/IPAGRO;"42";;;Não;;;Não;;;Não;;;Não;;;Não;;;Sim;31/12/1999;;Não;;;Não;;;Não;;;Não;;;Não;;;Não;Não;Não;Não;Não;Nulo;Não;Não;Não;;;"-47,696";"-15,23"
"1.547.032";ANA SEDE;Pluviométrica;"2";Sim;ANA;"-15,818";"-47,945";"1.150";;RIO PARANÁ;"6";RIO PARANAÍBA;"60";;"0";DISTRITO FEDERAL;"27";BRASÍLIA;"27.001.000";Agência Nacional de Águas ;ANA;"1";DF;Agência Nacional de Águas ;ANA;"1";DF;"1";Não;;;Não;;;Não;;;Não;;;Não;;;Não;31/3/2002;4/30/2024;Não;;;Não;;;Não;;;Não;;;Sim;30/11/2001;;Não;Não;Não;Não;Não;Nulo;Não;Não;Não;HIDROOBSERVA TELEMÉTRICA - CotaOnline;;"-47,945";"-15,818"
"1.547.035";UHE PARANOÁ JUSANTE;Pluviométrica;"2";Sim;;"-15,791";"-47,762";"895";;RIO PARANÁ;"6";RIO PARANAÍBA;"60";;"0";DISTRITO FEDERAL;"27";BRASÍLIA;"27.001.000";CEB Geração S.A.;CEB;"133";;CEB Geração S.A.;CEB;"133";;"1";Não;;;Não;;;Não;;;Não;;;Não;;;Sim;30/9/2016;;Não;;;Não;;;Não;;;Não;;;Sim;30/9/2016;;Não;Sim;Não;Não;Não;Nulo;Não;Não;Não;RES. ANA/ANEEL N. 03/2010;;"-47,762";"-15,791"
"1.547.037";ALTO RIO JARDIM;Pluviométrica;"2";Sim;;"-15,83";"-47,55";"904";;RIO SÃO FRANCISCO;"4";RIOS SÃO FRANCISCO,PARACATU E;"42";;"0";DISTRITO FEDERAL;"27";BRASÍLIA;"27.001.000";Empresa Brasileira de Pesquisa Agropecuária;EMBRAPA/IPAGRO;"42";;Empresa Brasileira de Pesquisa Agropecuária;EMBRAPA/IPAGRO;"42";;;Não;;;Não;;;Não;;;Não;;;Não;;;Sim;31/3/2005;;Não;;;Não;;;Não;;;Não;;;Não;;;Não;Não;Não;Não;Não;Nulo;Não;Não;Não;;;"-47,55";"-15,83"
"1.547.040";RIBEIRÃO JACARÉ;Pluviométrica;"2";Sim;ANA;"-15,641";"-47,356";"874";;RIO SÃO FRANCISCO;"4";RIOS SÃO FRANCISCO,PARACATU E;"42";;"0";DISTRITO FEDERAL;"27";BRASÍLIA;"27.001.000";Agência Nacional de Águas ;ANA;"1";DF;Serviço Geológico do Brasil;SGB-CPRM;"82";GO;"25";Não;;;Não;;;Não;;;Não;;;Não;;;Sim;31/1/2006;;Não;31/3/2006;30/11/2018;Não;;;Não;;;Não;;;Sim;31/12/2019;;Sim;Não;Não;Não;Não;Nulo;Não;Não;Não;TELEMÉTRICA - VAISALA_GOES;;"-47,356";"-15,641"
"1.547.041";RIBEIRÃO EXTREMA;Pluviométrica;"2";Sim;JCTM - PONTO 3;"-15,829";"-47,411";"867";;RIO SÃO FRANCISCO;"4";RIOS SÃO FRANCISCO,PARACATU E;"42";;"0";DISTRITO FEDERAL;"27";BRASÍLIA;"27.001.000";Agência Nacional de Águas ;ANA;"1";DF;Serviço Geológico do Brasil;SGB-CPRM;"82";GO;"25";Não;;;Não;;;Não;;;Não;;;Não;;;Sim;31/1/2006;;Não;;;Não;;;Não;;;Não;;;Não;;;Sim;Não;Não;Não;Não;Nulo;Não;Não;Não;;;"-47,411";"-15,829"
"1.547.042";RIO JARDIM;Pluviométrica;"2";Sim;JCTM - PONTO 4;"-15,901";"-47,458";"861";;RIO SÃO FRANCISCO;"4";RIOS SÃO FRANCISCO,PARACATU E;"42";;"0";DISTRITO FEDERAL;"27";BRASÍLIA;"27.001.000";Agência Nacional de Águas ;ANA;"1";DF;Serviço Geológico do Brasil;SGB-CPRM;"82";GO;"25";Não;;;Não;;;Não;;;Não;;;Não;;;Sim;28/2/2006;;Não;31/3/2006;30/11/2018;Não;;;Não;;;Não;;;Não;;;Sim;Não;Não;Não;Não;Nulo;Não;Não;Não;;;"-47,458";"-15,901"
"1.547.043";CÓRREGO LAMARÃO;Pluviométrica;"2";Sim;JCTM - PONTO 5;"-15,968";"-47,476";"866";;RIO SÃO FRANCISCO;"4";RIOS SÃO FRANCISCO,PARACATU E;"42";;"0";DISTRITO FEDERAL;"27";BRASÍLIA;"27.001.000";Agência Nacional de Águas ;ANA;"1";DF;Serviço Geológico do Brasil;SGB-CPRM;"82";GO;"25";Não;;;Não;;;Não;;;Não;;;Não;;;Sim;31/1/2006;;Não;;;Não;;;Não;;;Não;;;Não;;;Sim;Não;Não;Não;Não;Nulo;Não;Não;Não;;;"-47,476";"-15,967"
"1.547.044";RIO PRETO;Pluviométrica;"2";Sim;JCTM - PONTO 7;"-15,726";"-47,32";"874";;RIO SÃO FRANCISCO;"4";RIOS SÃO FRANCISCO,PARACATU E;"42";;"0";DISTRITO FEDERAL;"27";BRASÍLIA;"27.001.000";Agência Nacional de Águas ;ANA;"1";DF;Serviço Geológico do Brasil;SGB-CPRM;"82";GO;"25";Não;;;Não;;;Não;;;Não;;;Não;;;Sim;31/1/2006;;Não;30/4/2006;30/11/2018;Não;;;Não;;;Não;;;Não;;;Sim;Não;Não;Não;Não;Nulo;Não;Não;Não;;;"-47,32";"-15,726"
"1.547.047";PIPIRIPAU MONTANTE - CAPTAÇÃO;Pluviométrica;"2";Sim;;"-15,655";"-47,597";"966,76";;RIO PARANÁ;"6";RIO PARANAÍBA;"60";;"0";DISTRITO FEDERAL;"27";PLANALTINA;"27.012.000";Companhia de Saneamento Ambiental do Distrito Federal;CAESB;"77";;Companhia de Saneamento Ambiental do Distrito Federal;CAESB;"77";;"1";Não;;;Não;;;Não;;;Não;;;Não;;;Sim;31/7/1999;;Não;;;Não;;;Não;;;Não;;;Sim;31/7/1999;;Não;Não;Não;Não;Não;Nulo;Não;Não;Não;;;"-47,597";"-15,655"
"1.547.048";ETE - SÃO SEBASTIÃO;Pluviométrica;"2";Sim;;"-15,901";"-47,748";"889";;RIO PARANÁ;"6";RIO PARANAÍBA;"60";;"0";DISTRITO FEDERAL;"27";BRASÍLIA;"27.001.000";Companhia de Saneamento Ambiental do Distrito Federal;CAESB;"77";;Companhia de Saneamento Ambiental do Distrito Federal;CAESB;"77";;;Não;;;Não;;;Não;;;Não;;;Não;;;Sim;30/4/2007;;Não;;;Não;;;Não;;;Não;;;Não;;;Não;Não;Não;Não;Não;Nulo;Não;Não;Não;;;"-47,748";"-15,901"
"1.547.050";RIBEIRÃO PALMEIRAS;Pluviométrica;"2";Sim;ADASA;"-15,528";"-47,742";;;RIO TOCANTINS;"2";RIO TOCANTINS,MARANHÃO,PALMAS..;"20";;"0";DISTRITO FEDERAL;"27";BRASÍLIA;"27.001.000";Agência Reguladora de Águas e Saneamento - DF;ADASA-DF;"190";;Serviço Geológico do Brasil;SGB-CPRM;"82";;"1";Não;;;Não;;;Não;;;Não;;;Não;;;Sim;31/3/2009;;Sim;31/3/2009;;Não;;;Não;;;Não;;;Sim;31/7/2020;;Não;Não;Não;Não;Não;Nulo;Não;Não;Não;TELEMÉTRICA;;"-47,742";"-15,528"
"1.547.051";SONHEM;Pluviométrica;"2";Sim;ADASA;"-15,523";"-47,816";;;RIO TOCANTINS;"2";RIO TOCANTINS,MARANHÃO,PALMAS..;"20";;"0";DISTRITO FEDERAL;"27";BRASÍLIA;"27.001.000";Agência Reguladora de Águas e Saneamento - DF;ADASA-DF;"190";;Serviço Geológico do Brasil;SGB-CPRM;"82";;"1";Não;;;Não;;;Não;;;Não;;;Não;;;Sim;31/3/2009;;Sim;31/3/2009;;Não;;;Não;;;Não;;;Sim;31/7/2020;;Não;Não;Não;Não;Não;Nulo;Não;Não;Não;TELEMÉTRICA;;"-47,816";"-15,523"
"1.547.052";CONTAGEM - RUA DO MATO;Pluviométrica;"2";Sim;ADASA;"-15,604";"-47,88";;;RIO TOCANTINS;"2";RIO TOCANTINS,MARANHÃO,PALMAS..;"20";;"0";DISTRITO FEDERAL;"27";BRASÍLIA;"27.001.000";Agência Reguladora de Águas e Saneamento - DF;ADASA-DF;"190";;JCTM Ltda.;JCTM;"287";;;Não;;;Não;;;Não;;;Não;;;Não;;;Sim;31/3/2009;;Sim;31/3/2009;;Não;;;Não;;;Não;;;Não;;;Não;Não;Não;Não;Não;Nulo;Não;Não;Não;;;"-47,88";"-15,604"
"1.547.053";CONTAGEM - VC 201;Pluviométrica;"2";Sim;ADASA;"-15,501";"-47,854";;;RIO TOCANTINS;"2";RIO TOCANTINS,MARANHÃO,PALMAS..;"20";;"0";DISTRITO FEDERAL;"27";BRASÍLIA;"27.001.000";Agência Reguladora de Águas e Saneamento - DF;ADASA-DF;"190";;Serviço Geológico do Brasil;SGB-CPRM;"82";;"1";Não;;;Não;;;Não;;;Não;;;Não;;;Sim;31/3/2009;;Sim;31/3/2009;;Não;;;Não;;;Não;;;Sim;31/7/2015;;Não;Não;Não;Não;Não;Nulo;Não;Não;Não;;;"-47,854";"-15,501"
"1.547.055";RETIRO DO MEIO;Pluviométrica;"2";Sim;ADASA;"-15,626";"-47,395";;;RIO SÃO FRANCISCO;"4";RIOS SÃO FRANCISCO,PARACATU E;"42";;"0";DISTRITO FEDERAL;"27";BRASÍLIA;"27.001.000";Agência Reguladora de Águas e Saneamento - DF;ADASA-DF;"190";;JCTM Ltda.;JCTM;"287";;;Não;;;Não;;;Não;;;Não;;;Não;;;Sim;31/3/2009;;Sim;31/3/2009;;Não;;;Não;;;Não;;;Não;;;Não;Não;Não;Não;Não;Nulo;Não;Não;Não;;;"-47,395";"-15,626"
"1.547.056";JIBÓIA;Pluviométrica;"2";Sim;ADASA;"-15,643";"-47,368";;;RIO SÃO FRANCISCO;"4";RIOS SÃO FRANCISCO,PARACATU E;"42";;"0";DISTRITO FEDERAL;"27";BRASÍLIA;"27.001.000";Agência Reguladora de Águas e Saneamento - DF;ADASA-DF;"190";;JCTM Ltda.;JCTM;"287";;;Não;;;Não;;;Não;;;Não;;;Não;;;Sim;31/3/2009;;Sim;31/3/2009;;Não;;;Não;;;Não;;;Não;;;Não;Não;Não;Não;Não;Nulo;Não;Não;Não;;;"-47,368";"-15,643"
"1.547.057";SÃO JOSÉ;Pluviométrica;"2";Sim;ADASA;"-15,711";"-47,319";;;RIO SÃO FRANCISCO;"4";RIOS SÃO FRANCISCO,PARACATU E;"42";;"0";DISTRITO FEDERAL;"27";BRASÍLIA;"27.001.000";Agência Reguladora de Águas e Saneamento - DF;ADASA-DF;"190";;JCTM Ltda.;JCTM;"287";;;Não;;;Não;;;Não;;;Não;;;Não;;;Sim;31/3/2009;;Sim;31/3/2009;;Não;;;Não;;;Não;;;Não;;;Não;Não;Não;Não;Não;Nulo;Não;Não;Não;;;"-47,319";"-15,711"
"1.547.058";RIO PRETO - MONTANTE EXTREMA;Pluviométrica;"2";Sim;ADASA;"-15,837";"-47,369";;;RIO SÃO FRANCISCO;"4";RIOS SÃO FRANCISCO,PARACATU E;"42";;"0";DISTRITO FEDERAL;"27";BRASÍLIA;"27.001.000";Agência Reguladora de Águas e Saneamento - DF;ADASA-DF;"190";;Serviço Geológico do Brasil;SGB-CPRM;"82";;"1";Não;;;Não;;;Não;;;Não;;;Não;;;Sim;31/3/2009;;Sim;31/3/2009;;Não;;;Não;;;Não;;;Sim;30/6/2020;;Não;Não;Não;Não;Não;Nulo;Não;Não;Não;TELEMÉTRICA;;"-47,369";"-15,837"
"1.547.059";LAGOINHA - DF 105;Pluviométrica;"2";Sim;ADASA;"-15,773";"-47,399";;;RIO SÃO FRANCISCO;"4";RIOS SÃO FRANCISCO,PARACATU E;"42";;"0";DISTRITO FEDERAL;"27";BRASÍLIA;"27.001.000";Agência Reguladora de Águas e Saneamento - DF;ADASA-DF;"190";;Serviço Geológico do Brasil;SGB-CPRM;"82";;"1";Não;;;Não;;;Não;;;Não;;;Não;;;Sim;31/3/2009;;Sim;31/3/2009;;Não;;;Não;;;Não;;;Sim;30/6/2020;;Não;Não;Não;Não;Não;Nulo;Não;Não;Não;TELEMÉTRICA;;"-47,399";"-15,772"
"1.547.060";BARRO PRETO;Pluviométrica;"2";Sim;ADASA;"-15,82";"-47,394";;;RIO SÃO FRANCISCO;"4";RIOS SÃO FRANCISCO,PARACATU E;"42";;"0";DISTRITO FEDERAL;"27";BRASÍLIA;"27.001.000";Agência Reguladora de Águas e Saneamento - DF;ADASA-DF;"190";;JCTM Ltda.;JCTM;"287";;;Não;;;Não;;;Não;;;Não;;;Não;;;Sim;31/3/2009;;Sim;31/3/2009;;Não;;;Não;;;Não;;;Não;;;Não;Não;Não;Não;Não;Nulo;Não;Não;Não;;;"-47,394";"-15,82"
"1.547.061";EXTREMA;Pluviométrica;"2";Sim;ADASA;"-15,729";"-47,509";;;RIO SÃO FRANCISCO;"4";RIOS SÃO FRANCISCO,PARACATU E;"42";;"0";DISTRITO FEDERAL;"27";BRASÍLIA;"27.001.000";Agência Reguladora de Águas e Saneamento - DF;ADASA-DF;"190";;JCTM Ltda.;JCTM;"287";;;Não;;;Não;;;Não;;;Não;;;Não;;;Sim;31/3/2009;;Não;;;Não;;;Não;;;Não;;;Não;;;Não;Não;Não;Não;Não;Nulo;Não;Não;Não;;;"-47,509";"-15,729"
"1.547.062";EXTREMA - VC 173;Pluviométrica;"2";Sim;ADASA;"-15,781";"-47,449";;;RIO SÃO FRANCISCO;"4";RIOS SÃO FRANCISCO,PARACATU E;"42";;"0";DISTRITO FEDERAL;"27";BRASÍLIA;"27.001.000";Agência Reguladora de Águas e Saneamento - DF;ADASA-DF;"190";;Serviço Geológico do Brasil;SGB-CPRM;"82";;;Não;;;Não;;;Não;;;Não;;;Não;;;Sim;31/3/2009;;Sim;31/3/2009;;Não;;;Não;;;Não;;;Não;;;Não;Não;Não;Não;Não;Nulo;Não;Não;Não;;;"-47,449";"-15,781"
"1.547.063";EXTREMA - DF 100;Pluviométrica;"2";Sim;ADASA;"-15,846";"-47,385";;;RIO SÃO FRANCISCO;"4";RIOS SÃO FRANCISCO,PARACATU E;"42";;"0";DISTRITO FEDERAL;"27";BRASÍLIA;"27.001.000";Agência Reguladora de Águas e Saneamento - DF;ADASA-DF;"190";;Serviço Geológico do Brasil;SGB-CPRM;"82";;"1";Não;;;Não;;;Não;;;Não;;;Não;;;Sim;31/3/2009;;Sim;31/3/2009;;Não;;;Não;;;Não;;;Sim;31/3/2009;;Não;Não;Não;Não;Não;Nulo;Não;Não;Não;;;"-47,385";"-15,846"
"1.547.064";RIO PRETO - FAZENDA ITAPETI;Pluviométrica;"2";Sim;ADASA;"-15,943";"-47,364";;;RIO SÃO FRANCISCO;"4";RIOS SÃO FRANCISCO,PARACATU E;"42";;"0";DISTRITO FEDERAL;"27";BRASÍLIA;"27.001.000";Agência Reguladora de Águas e Saneamento - DF;ADASA-DF;"190";;Serviço Geológico do Brasil;SGB-CPRM;"82";;"1";Não;;;Não;;;Não;;;Não;;;Não;;;Sim;31/3/2009;;Sim;31/3/2009;;Não;;;Não;;;Não;;;Sim;31/7/2015;;Não;Não;Não;Não;Não;Nulo;Não;Não;Não;TELEMÉTRICA - VAISALA_GOES;;"-47,364";"-15,943"
"1.547.065";JARDIM - MONTANTE TAQUARI;Pluviométrica;"2";Sim;ADASA;"-15,804";"-47,561";;;RIO SÃO FRANCISCO;"4";RIOS SÃO FRANCISCO,PARACATU E;"42";;"0";DISTRITO FEDERAL;"27";BRASÍLIA;"27.001.000";Agência Reguladora de Águas e Saneamento - DF;ADASA-DF;"190";;Serviço Geológico do Brasil;SGB-CPRM;"82";;;Não;;;Não;;;Não;;;Não;;;Não;;;Sim;31/3/2009;;Sim;31/3/2009;;Não;;;Não;;;Não;;;Não;;;Não;Não;Não;Não;Não;Nulo;Não;Não;Não;;;"-47,561";"-15,804"
"1.547.066";TAQUARI;Pluviométrica;"2";Sim;ADASA;"-15,828";"-47,56";;;RIO SÃO FRANCISCO;"4";RIOS SÃO FRANCISCO,PARACATU E;"42";;"0";DISTRITO FEDERAL;"27";BRASÍLIA;"27.001.000";Agência Reguladora de Águas e Saneamento - DF;ADASA-DF;"190";;Serviço Geológico do Brasil;SGB-CPRM;"82";;;Não;;;Não;;;Não;;;Não;;;Não;;;Sim;31/3/2009;;Sim;31/3/2009;;Não;;;Não;;;Não;;;Não;;;Não;Não;Não;Não;Não;Nulo;Não;Não;Não;;;"-47,56";"-15,828"
"1.547.067";JARDIM - JUSANTE SÃO GONÇALO;Pluviométrica;"2";Sim;ADASA;"-15,828";"-47,524";;;RIO SÃO FRANCISCO;"4";RIOS SÃO FRANCISCO,PARACATU E;"42";;"0";DISTRITO FEDERAL;"27";BRASÍLIA;"27.001.000";Agência Reguladora de Águas e Saneamento - DF;ADASA-DF;"190";;JCTM Ltda.;JCTM;"287";;;Não;;;Não;;;Não;;;Não;;;Não;;;Sim;31/3/2009;;Sim;31/3/2009;;Não;;;Não;;;Não;;;Não;;;Não;Não;Não;Não;Não;Nulo;Não;Não;Não;;;"-47,524";"-15,828"
"1.547.068";JARDIM - DF 260;Pluviométrica;"2";Sim;ADASA;"-15,86";"-47,476";;;RIO SÃO FRANCISCO;"4";RIOS SÃO FRANCISCO,PARACATU E;"42";;"0";DISTRITO FEDERAL;"27";BRASÍLIA;"27.001.000";Agência Reguladora de Águas e Saneamento - DF;ADASA-DF;"190";;Serviço Geológico do Brasil;SGB-CPRM;"82";;"1";Não;;;Não;;;Não;;;Não;;;Não;;;Sim;31/3/2009;;Sim;31/3/2009;;Não;;;Não;;;Não;;;Sim;31/7/2020;;Não;Não;Não;Não;Não;Nulo;Não;Não;Não;TELEMÉTRICA;;"-47,476";"-15,86"
"1.547.069";CARIRU;Pluviométrica;"2";Sim;ADASA;"-15,904";"-47,485";;;RIO SÃO FRANCISCO;"4";RIOS SÃO FRANCISCO,PARACATU E;"42";;"0";DISTRITO FEDERAL;"27";BRASÍLIA;"27.001.000";Agência Reguladora de Águas e Saneamento - DF;ADASA-DF;"190";;Serviço Geológico do Brasil;SGB-CPRM;"82";;;Não;;;Não;;;Não;;;Não;;;Não;;;Sim;31/3/2009;;Sim;31/3/2009;;Não;;;Não;;;Não;;;Não;;;Não;Não;Não;Não;Não;Nulo;Não;Não;Não;;;"-47,485";"-15,904"
"1.547.070";JARDIM - MONTANTE LAMARÃO;Pluviométrica;"2";Sim;ADASA;"-15,948";"-47,446";;;RIO SÃO FRANCISCO;"4";RIOS SÃO FRANCISCO,PARACATU E;"42";;"0";DISTRITO FEDERAL;"27";BRASÍLIA;"27.001.000";Agência Reguladora de Águas e Saneamento - DF;ADASA-DF;"190";;Serviço Geológico do Brasil;SGB-CPRM;"82";;"1";Não;;;Não;;;Não;;;Não;;;Não;;;Sim;31/3/2009;;Sim;31/3/2009;;Não;;;Não;;;Não;;;Sim;31/7/2020;;Não;Não;Não;Não;Não;Nulo;Não;Não;Não;TELEMÉTRICA;;"-47,446";"-15,947"
"1.547.071";MESTRE D'ARMAS;Pluviométrica;"2";Sim;ADASA;"-15,669";"-47,671";;;RIO PARANÁ;"6";RIO PARANAÍBA;"60";;"0";DISTRITO FEDERAL;"27";BRASÍLIA;"27.001.000";Agência Reguladora de Águas e Saneamento - DF;ADASA-DF;"190";;Serviço Geológico do Brasil;SGB-CPRM;"82";;;Não;;;Não;;;Não;;;Não;;;Não;;;Sim;31/3/2009;;Sim;31/3/2009;;Não;;;Não;;;Não;;;Não;;;Não;Não;Não;Não;Não;Nulo;Não;Não;Não;;;"-47,671";"-15,669"
"1.547.072";BARTOLOMEU - MONTANTE PARANOÁ;Pluviométrica;"2";Sim;ADASA;"-15,809";"-47,701";;;RIO PARANÁ;"6";RIO PARANAÍBA;"60";;"0";DISTRITO FEDERAL;"27";BRASÍLIA;"27.001.000";Agência Reguladora de Águas e Saneamento - DF;ADASA-DF;"190";;Serviço Geológico do Brasil;SGB-CPRM;"82";;"1";Não;;;Não;;;Não;;;Não;;;Não;;;Sim;31/3/2009;;Sim;31/3/2009;;Não;;;Não;;;Não;;;Sim;31/7/2020;;Não;Não;Não;Não;Não;Nulo;Não;Não;Não;TELEMÉTRICA;;"-47,701";"-15,809"
"1.547.073";BARTOLOMEU - JUSANTE PARANOÁ;Pluviométrica;"2";Sim;ADASA;"-15,819";"-47,705";;;RIO PARANÁ;"6";RIO PARANAÍBA;"60";;"0";DISTRITO FEDERAL;"27";BRASÍLIA;"27.001.000";Agência Reguladora de Águas e Saneamento - DF;ADASA-DF;"190";;JCTM Ltda.;JCTM;"287";;;Não;;;Não;;;Não;;;Não;;;Não;;;Sim;31/3/2009;;Sim;31/3/2009;;Não;;;Não;;;Não;;;Não;;;Não;Não;Não;Não;Não;Nulo;Não;Não;Não;;;"-47,705";"-15,819"
"1.547.074";VICENTE PIRES - JUSANTE;Pluviométrica;"2";Sim;ADASA;"-15,858";"-47,978";;;RIO PARANÁ;"6";RIO PARANAÍBA;"60";;"0";DISTRITO FEDERAL;"27";BRASÍLIA;"27.001.000";Agência Reguladora de Águas e Saneamento - DF;ADASA-DF;"190";;JCTM Ltda.;JCTM;"287";;;Não;;;Não;;;Não;;;Não;;;Não;;;Sim;31/3/2009;;Sim;31/3/2009;;Não;;;Não;;;Não;;;Não;;;Não;Não;Não;Não;Não;Nulo;Não;Não;Não;;;"-47,977";"-15,857"
"1.547.075";GAMA - MONTANTE CAPETINGA;Pluviométrica;"2";Sim;ADASA;"-15,941";"-47,944";;;RIO PARANÁ;"6";RIO PARANAÍBA;"60";;"0";DISTRITO FEDERAL;"27";BRASÍLIA;"27.001.000";Agência Reguladora de Águas e Saneamento - DF;ADASA-DF;"190";;Serviço Geológico do Brasil;SGB-CPRM;"82";;;Não;;;Não;;;Não;;;Não;;;Não;;;Sim;31/3/2009;;Sim;31/3/2009;;Não;;;Não;;;Não;;;Não;;;Não;Não;Não;Não;Não;Nulo;Não;Não;Não;;;"-47,944";"-15,941"
"1.547.076";TABOCA;Pluviométrica;"2";Sim;ADASA;"-15,875";"-47,723";;;RIO PARANÁ;"6";RIO PARANAÍBA;"60";;"0";DISTRITO FEDERAL;"27";BRASÍLIA;"27.001.000";Agência Reguladora de Águas e Saneamento - DF;ADASA-DF;"190";;Serviço Geológico do Brasil;SGB-CPRM;"82";;"1";Não;;;Não;;;Não;;;Não;;;Não;;;Sim;31/3/2009;;Sim;31/3/2009;;Não;;;Não;;;Não;;;Sim;31/7/2020;;Não;Não;Não;Não;Não;Nulo;Não;Não;Não;TELEMÉTRICA;;"-47,723";"-15,875"
"1.547.077";PAPUDA;Pluviométrica;"2";Sim;ADASA;"-15,893";"-47,723";;;RIO PARANÁ;"6";RIO PARANAÍBA;"60";;"0";DISTRITO FEDERAL;"27";BRASÍLIA;"27.001.000";Agência Reguladora de Águas e Saneamento - DF;ADASA-DF;"190";;Serviço Geológico do Brasil;SGB-CPRM;"82";;"1";Não;;;Não;;;Não;;;Não;;;Não;;;Sim;31/3/2009;;Sim;31/3/2009;;Não;;;Não;;;Não;;;Sim;31/7/2020;;Não;Não;Não;Não;Não;Nulo;Não;Não;Não;TELEMÉTRICA;;"-47,723";"-15,892"
"1.547.078";ETE - VALE DO AMANHECER;Pluviométrica;"2";Sim;;"-15,682";"-47,663";"932";;RIO PARANÁ;"6";RIO PARANAÍBA;"60";;"0";DISTRITO FEDERAL;"27";BRASÍLIA;"27.001.000";Companhia de Saneamento Ambiental do Distrito Federal;CAESB;"77";;Companhia de Saneamento Ambiental do Distrito Federal;CAESB;"77";;;Não;;;Não;;;Não;;;Não;;;Não;;;Sim;30/4/2007;;Não;;;Não;;;Não;;;Não;;;Não;;;Não;Não;Não;Não;Não;Nulo;Não;Não;Não;;;"-47,663";"-15,682"
"1.547.079";ANA SEDE - TELEMÉTRICA;Pluviométrica;"2";Sim;ANA;"-15,818";"-47,945";"1.150";;RIO PARANÁ;"6";RIO PARANAÍBA;"60";;"0";DISTRITO FEDERAL;"27";BRASÍLIA;"27.001.000";Agência Nacional de Águas ;ANA;"1";DF;Agência Nacional de Águas ;ANA;"1";DF;"1";Não;;;Não;;;Não;;;Não;;;Não;;;Não;;;Não;;;Não;;;Não;;;Não;;;Sim;28/2/2011;;Não;Não;Não;Não;Não;Nulo;Não;Não;Não;HIDROOBSERVA TELEMÉTRICA - OTT_GPRS;;"-47,945";"-15,818"
"1.547.080";FAL-UNB;Pluviométrica;"2";Sim;ANA;"-15,945";"-47,938";"1.066";;RIO PARANÁ;"6";RIO PARANAÍBA;"60";;"0";DISTRITO FEDERAL;"27";BRASÍLIA;"27.001.000";Agência Nacional de Águas ;ANA;"1";DF;Universidade de Brasília;UNB;"250";DF;"1";Não;;;Não;;;Não;;;Não;;;Não;;;Não;;;Não;;;Não;;;Não;;;Não;;;Sim;31/12/2013;;Não;Não;Não;Não;Não;Nulo;Não;Não;Não;TELEMÉTRICA - VAISALA_GOES;;"-47,938";"-15,945"
"1.547.081";CÓRREGO TAQUARA;Pluviométrica;"2";Sim;ANA;"-15,911";"-47,909";;;RIO PARANÁ;"6";RIO PARANAÍBA;"60";;"0";DISTRITO FEDERAL;"27";BRASÍLIA;"27.001.000";Agência Nacional de Águas ;ANA;"1";DF;Universidade de Brasília;UNB;"250";DF;;Não;;;Não;;;Não;;;Não;;;Não;;;Não;;;Não;;;Não;;;Não;;;Não;;;Sim;31/12/2013;;Não;Não;Não;Não;Não;Nulo;Não;Não;Não;TELEMÉTRICA - VAISALA_GOES;;"-47,909";"-15,911"
"1.547.082";BARRAGEM LAGO PARANOÁ;Pluviométrica;"2";Sim;ADASA;"-15,797";"-47,784";"1.005";;RIO PARANÁ;"6";RIO PARANAÍBA;"60";;"0";DISTRITO FEDERAL;"27";BRASÍLIA;"27.001.000";Agência Reguladora de Águas e Saneamento - DF;ADASA-DF;"190";;Serviço Geológico do Brasil;SGB-CPRM;"82";;;Não;;;Não;;;Não;;;Não;;;Não;;;Não;;;Não;;;Não;;;Não;;;Não;;;Sim;28/2/2014;;Não;Não;Não;Não;Não;Nulo;Não;Não;Não;TELEMÉTRICA - VAISALA_GOES;;"-47,784";"-15,797"
"1.547.086";BRASÍLIA_Cidade Estrutural;Pluviométrica;"2";Sim;530010803;"-15,782";"-47,998";"1.112";;RIO PARANÁ;"6";RIO PARANAÍBA;"60";;"0";DISTRITO FEDERAL;"27";BRASÍLIA;"27.001.000";Centro Nacional de Monitoramento e Alertas de Desastres Naturais.;CEMADEN;"451";SP;Centro Nacional de Monitoramento e Alertas de Desastres Naturais.;CEMADEN;"451";SP;;Não;;;Não;;;Não;;;Não;;;Não;;;Sim;31/12/2013;;Não;;;Não;;;Não;;;Não;;;Sim;31/12/2013;;Não;Não;Não;Não;Não;Nulo;Não;Não;Não;TELEMÉTRICA;;"-47,998";"-15,782"
"1.547.087";BRASÍLIA_Sobradinho;Pluviométrica;"2";Sim;530010804;"-15,624";"-47,847";"1.109";;RIO TOCANTINS;"2";RIO TOCANTINS,MARANHÃO,PALMAS..;"20";;"0";DISTRITO FEDERAL;"27";BRASÍLIA;"27.001.000";Centro Nacional de Monitoramento e Alertas de Desastres Naturais.;CEMADEN;"451";SP;Centro Nacional de Monitoramento e Alertas de Desastres Naturais.;CEMADEN;"451";SP;;Não;;;Não;;;Não;;;Não;;;Não;;;Sim;31/12/2013;;Não;;;Não;;;Não;;;Não;;;Sim;31/12/2013;;Não;Não;Não;Não;Não;Nulo;Não;Não;Não;TELEMÉTRICA;;"-47,847";"-15,624"
"1.547.088";BRASÍLIA_Nucleo Bandeirante;Pluviométrica;"2";Sim;530010805;"-15,877";"-47,963";"1.029";;RIO PARANÁ;"6";RIO PARANAÍBA;"60";;"0";DISTRITO FEDERAL;"27";BRASÍLIA;"27.001.000";Centro Nacional de Monitoramento e Alertas de Desastres Naturais.;CEMADEN;"451";SP;Centro Nacional de Monitoramento e Alertas de Desastres Naturais.;CEMADEN;"451";SP;;Não;;;Não;;;Não;;;Não;;;Não;;;Sim;31/12/2013;;Não;;;Não;;;Não;;;Não;;;Sim;31/12/2013;;Não;Não;Não;Não;Não;Nulo;Não;Não;Não;TELEMÉTRICA;;"-47,963";"-15,877"
"1.547.089";RIBEIRÃO TORTO JUSANTE CÓRREGO URUBÚ;Pluviométrica;"2";Sim;ADASA;"-15,722";"-47,868";;;RIO PARANÁ;"6";RIO PARANAÍBA;"60";;"0";DISTRITO FEDERAL;"27";BRASÍLIA;"27.001.000";Agência Reguladora de Águas e Saneamento - DF;ADASA-DF;"190";;Serviço Geológico do Brasil;SGB-CPRM;"82";;"1";Não;;;Não;;;Não;;;Não;;;Não;;;Sim;31/5/2016;;Não;;;Não;;;Não;;;Não;;;Sim;31/5/2016;;Não;Não;Não;Não;Não;Nulo;Não;Não;Não;TELEMÉTRICA - VAISALA_GOES;;"-47,868";"-15,722"
"1.547.091";PIPIRIPAU FRINOCAP - DF 230;Pluviométrica;"2";Sim;;"-15,659";"-47,625";"925,08";;RIO PARANÁ;"6";RIO PARANAÍBA;"60";;"0";DISTRITO FEDERAL;"27";BRASÍLIA;"27.001.000";Companhia de Saneamento Ambiental do Distrito Federal;CAESB;"77";;Companhia de Saneamento Ambiental do Distrito Federal;CAESB;"77";;"1";Não;;;Não;;;Não;;;Não;;;Não;;;Sim;30/6/2017;;Não;;;Não;;;Não;;;Não;;;Sim;30/6/2017;;Não;Não;Não;Não;Não;Nulo;Não;Não;Não;TELEMÉTRICA - VAISALA_GOES;;"-47,625";"-15,659"
"1.547.092";SANTA MARIA - BARRAGEM;Pluviométrica;"2";Sim;;"-15,669";"-47,953";"1.075,66";;RIO PARANÁ;"6";RIO PARANAÍBA;"60";;"0";DISTRITO FEDERAL;"27";BRASÍLIA;"27.001.000";Companhia de Saneamento Ambiental do Distrito Federal;CAESB;"77";;Companhia de Saneamento Ambiental do Distrito Federal;CAESB;"77";;"1";Não;;;Não;;;Não;;;Não;;;Não;;;Não;;;Não;;;Não;;;Não;;;Não;;;Sim;31/10/2014;;Não;Não;Não;Não;Não;Nulo;Não;Não;Não;TELEMÉTRICA - VAISALA_GOES;;"-47,953";"-15,669"
"1.547.093";MONTANTE ZOOLÓGICO - EPIA 003 - RIACHO FUNDO;Pluviométrica;"2";Sim;;"-15,859";"-47,942";"1.005";;RIO PARANÁ;"6";RIO PARANAÍBA;"60";;"0";DISTRITO FEDERAL;"27";BRASÍLIA;"27.001.000";Companhia de Saneamento Ambiental do Distrito Federal;CAESB;"77";;Companhia de Saneamento Ambiental do Distrito Federal;CAESB;"77";;"10";Não;;;Não;;;Não;;;Não;;;Não;;;Não;;;Não;;;Não;;;Não;;;Não;;;Sim;31/1/2016;;Não;Não;Não;Não;Não;Nulo;Não;Não;Não;TELEMÉTRICA - VAISALA_GOES;;"-47,942";"-15,859"
"1.547.094";RIBEIRÃO JARDIM DF 100;Pluviométrica;"2";Sim;ADASA;"-15,974";"-47,399";"867";;RIO SÃO FRANCISCO;"4";RIOS SÃO FRANCISCO,PARACATU E;"42";;"0";DISTRITO FEDERAL;"27";BRASÍLIA;"27.001.000";Agência Reguladora de Águas e Saneamento - DF;ADASA-DF;"190";;Serviço Geológico do Brasil;SGB-CPRM;"82";;;Não;;;Não;;;Não;;;Não;;;Não;;;Sim;30/6/2017;;Não;;;Não;;;Não;;;Não;;;Sim;30/6/2017;;Não;Não;Não;Não;Não;Nulo;Não;Não;Não;TELEMÉTRICA - VAISALA_GOES;;"-47,399";"-15,974"
"1.547.096";UHE PARANOÁ CÓRREGO CABEÇA DE VEADO;Pluviométrica;"2";Sim;;"-15,856";"-47,858";"1.003,96";;RIO PARANÁ;"6";RIO PARANAÍBA;"60";;"0";DISTRITO FEDERAL;"27";BRASÍLIA;"27.001.000";CEB Geração S.A.;CEB;"133";;CEB Geração S.A.;CEB;"133";;"1";Não;;;Não;;;Não;;;Não;;;Não;;;Sim;30/11/2018;;Não;;;Não;;;Não;;;Não;;;Sim;30/11/2018;;Não;Sim;Não;Não;Não;Nulo;Não;Não;Não;RES. ANA/ANEEL N. 03/2010;;"-47,857";"-15,856"
"1.547.097";UHE PARANOÁ CÓRREGO BANANAL;Pluviométrica;"2";Sim;;"-15,728";"-47,91";"1.003";;RIO PARANÁ;"6";RIO PARANAÍBA;"60";;"0";DISTRITO FEDERAL;"27";BRASÍLIA;"27.001.000";CEB Geração S.A.;CEB;"133";;CEB Geração S.A.;CEB;"133";;"1";Não;;;Não;;;Não;;;Não;;;Não;;;Sim;31/1/2019;;Não;;;Não;;;Não;;;Não;;;Sim;31/1/2019;;Não;Sim;Não;Não;Não;Nulo;Não;Não;Não;RES. ANA/ANEEL N. 03/2010;;"-47,91";"-15,728"
"1.547.098";PIPIRIPAU;Pluviométrica;"2";Sim;ANA;"-15,614";"-47,546";"1.008";;RIO PARANÁ;"6";RIO PARANAÍBA;"60";;"0";DISTRITO FEDERAL;"27";BRASÍLIA;"27.001.000";Agência Nacional de Águas ;ANA;"1";DF;Serviço Geológico do Brasil;SGB-CPRM;"82";GO;"95";Não;;;Não;;;Não;;;Não;;;Não;;;Não;;;Não;;;Não;;;Não;;;Não;;;Sim;31/8/2009;;Não;Não;Não;Não;Não;Nulo;Não;Não;Não;TELEMÉTRICA - VAISALA_GOES RHNR2018;;"-47,546";"-15,614"
"1.547.099";PIPIRIPAU MONTANTE CANAL;Pluviométrica;"2";Sim;ADASA;"-15,64";"-47,574";"980";;RIO PARANÁ;"6";RIO PARANAÍBA;"60";;"0";DISTRITO FEDERAL;"27";BRASÍLIA;"27.001.000";Agência Reguladora de Águas e Saneamento - DF;ADASA-DF;"190";DF;Serviço Geológico do Brasil;SGB-CPRM;"82";DF;"1";Não;;;Não;;;Não;;;Não;;;Não;;;Sim;31/1/2020;;Não;;;Não;;;Não;;;Não;;;Sim;31/1/2020;;Não;Não;Não;Não;Não;Nulo;Não;Não;Não;TELEMÉTRICA;;"-47,574";"-15,64"
"1.547.100";RIBEIRÃO SOBRADINHO;Pluviométrica;"2";Sim;ADASA;"-15,727";"-47,697";;;RIO PARANÁ;"6";RIO PARANAÍBA;"60";;"0";DISTRITO FEDERAL;"27";BRASÍLIA;"27.001.000";Agência Reguladora de Águas e Saneamento - DF;ADASA-DF;"190";DF;Serviço Geológico do Brasil;SGB-CPRM;"82";DF;"1";Não;;;Não;;;Não;;;Não;;;Não;;;Sim;31/1/2020;;Não;;;Não;;;Não;;;Não;;;Sim;31/1/2020;;Não;Não;Não;Não;Não;Nulo;Não;Não;Não;TEELEMPETRICA;;"-47,697";"-15,727"
"1.547.101";RIBEIRÃO JARDIM DF-100;Pluviométrica;"2";Sim;ADASA;"-15,974";"-47,399";;;RIO SÃO FRANCISCO;"4";RIOS SÃO FRANCISCO,PARACATU E;"42";;"0";DISTRITO FEDERAL;"27";BRASÍLIA;"27.001.000";Agência Reguladora de Águas e Saneamento - DF;ADASA-DF;"190";;Agência Reguladora de Águas e Saneamento - DF;ADASA-DF;"190";;"1";Não;;;Não;;;Não;;;Não;;;Não;;;Sim;30/6/2017;;Não;;;Não;;;Não;;;Não;;;Sim;30/6/2017;;Não;Não;Não;Não;Não;Nulo;Não;Não;Não;;;"-47,399";"-15,974"
"1.547.102";RIBEIRÃO DO GAMA;Pluviométrica;"2";Sim;;"-15,858";"-47,874";;;RIO PARANÁ;"6";RIO PARANAÍBA;"60";;"0";DISTRITO FEDERAL;"27";BRASÍLIA;"27.001.000";Agência Reguladora de Águas e Saneamento - DF;ADASA-DF;"190";DF;Agência Reguladora de Águas e Saneamento - DF;ADASA-DF;"190";DF;"1";Não;;;Não;;;Não;;;Não;;;Não;;;Sim;31/7/2020;;Não;;;Não;;;Não;;;Não;;;Sim;31/7/2020;;Não;Não;Não;Não;Não;Nulo;Não;Não;Não;TELEMÉTRICA;;"-47,874";"-15,858"
"1.547.103";FAZENDA ENCONTRO DAS ÁGUAS;Pluviométrica;"2";Sim;;"-15,806";"-47,707";"875";;RIO PARANÁ;"6";RIO PARANAÍBA;"60";;"0";DISTRITO FEDERAL;"27";BRASÍLIA;"27.001.000";Agência Reguladora de Águas e Saneamento - DF;ADASA-DF;"190";DF;Serviço Geológico do Brasil;SGB-CPRM;"82";DF;"1";Não;;;Não;;;Não;;;Não;;;Não;;;Não;;;Sim;31/8/2022;;Não;;;Não;;;Não;;;Sim;31/8/2022;;Não;Não;Não;Não;Não;Nulo;Não;Não;Não;TELEMÉTRICA - DUALBASE;;"-47,707";"-15,806"
"1.547.104";RIO PARANOÁ;Pluviométrica;"2";Sim;;"-15,806";"-47,707";"875";;RIO PARANÁ;"6";RIO PARANAÍBA;"60";;"0";DISTRITO FEDERAL;"27";BRASÍLIA;"27.001.000";Agência Reguladora de Águas e Saneamento - DF;ADASA-DF;"190";DF;Agência Reguladora de Águas e Saneamento - DF;ADASA-DF;"190";DF;;Não;;;Não;;;Não;;;Não;;;Não;;;Sim;31/8/2022;;Não;;;Não;;;Não;;;Não;;;Sim;30/9/2022;;Não;Não;Não;Não;Não;Nulo;Não;Não;Não;TELEMÉTRICA;;"-47,707";"-15,806"
"1.547.105";RIBEIRÃO JACARÉ (ADASA);Pluviométrica;"2";Sim;ADASA;"-15,641";"-47,356";"874";;RIO SÃO FRANCISCO;"4";RIOS SÃO FRANCISCO,PARACATU E;"42";;"0";DISTRITO FEDERAL;"27";BRASÍLIA;"27.001.000";Agência Reguladora de Águas e Saneamento - DF;ADASA-DF;"190";DF;Serviço Geológico do Brasil;SGB-CPRM;"82";GO;"1";Não;;;Não;;;Não;;;Não;;;Não;;;Sim;31/10/2014;;Não;;;Não;;;Não;;;Não;;;Sim;31/10/2014;;Sim;Não;Não;Não;Não;Nulo;Não;Não;Não;TELEMÉTRICA - VAISALA_GOES;;"-47,356";"-15,641"
"1.547.106";PIPIRIPAU FRINOCAP - DF 230 (ADASA);Pluviométrica;"2";Sim;ADASA;"-15,659";"-47,625";"925";;RIO PARANÁ;"6";RIO PARANAÍBA;"60";;"0";DISTRITO FEDERAL;"27";BRASÍLIA;"27.001.000";Agência Reguladora de Águas e Saneamento - DF;ADASA-DF;"190";DF;Serviço Geológico do Brasil;SGB-CPRM;"82";GO;"1";Não;;;Não;;;Não;;;Não;;;Não;;;Não;;;Não;;;Não;;;Não;;;Não;;;Sim;30/6/2017;;Não;Não;Não;Não;Não;Nulo;Não;Não;Não;TELEMÉTRICA - VAISALA_GOES;;"-47,625";"-15,659"
"1.547.107";SANTA MARIA - BARRAGEM (ADASA);Pluviométrica;"2";Sim;ADASA;"-15,669";"-47,953";"1.075";;RIO PARANÁ;"6";RIO PARANAÍBA;"60";;"0";DISTRITO FEDERAL;"27";BRASÍLIA;"27.001.000";Agência Reguladora de Águas e Saneamento - DF;ADASA-DF;"190";DF;Serviço Geológico do Brasil;SGB-CPRM;"82";GO;"1";Não;;;Não;;;Não;;;Não;;;Não;;;Não;;;Não;;;Não;;;Não;;;Não;;;Sim;31/10/2014;;Não;Não;Não;Não;Não;Nulo;Não;Não;Não;TELEMÉTRICA - VAISALA_GOES;;"-47,953";"-15,669"
"1.547.108";MONT ZOOLOGICO-EPIA 003-RIACHO FUNDO (ADASA);Pluviométrica;"2";Sim;ADASA;"-15,859";"-47,942";"1.005";;RIO PARANÁ;"6";RIO PARANAÍBA;"60";;"0";DISTRITO FEDERAL;"27";BRASÍLIA;"27.001.000";Agência Reguladora de Águas e Saneamento - DF;ADASA-DF;"190";DF;Serviço Geológico do Brasil;SGB-CPRM;"82";GO;"1";Não;;;Não;;;Não;;;Não;;;Não;;;Não;;;Não;;;Não;;;Não;;;Não;;;Sim;31/1/2016;;Não;Não;Não;Não;Não;Nulo;Não;Não;Não;TELEMÉTRICA - VAISALA_GOES;;"-47,942";"-15,859"
"1.548.005";GAMA ETE ALAGADO;Pluviométrica;"2";Sim;;"-16,025";"-48,098";"980";;RIO PARANÁ;"6";RIO PARANAÍBA;"60";;"0";DISTRITO FEDERAL;"27";BRASÍLIA;"27.001.000";Companhia de Saneamento Ambiental do Distrito Federal;CAESB;"77";;Companhia de Saneamento Ambiental do Distrito Federal;CAESB;"77";;;Não;;;Não;;;Não;;;Não;;;Não;;;Sim;31/10/1970;;Não;30/11/2010;30/11/2011;Não;;;Não;;;Não;;;Não;;;Não;Não;Não;Não;Sim;Nulo;Não;Não;Não;;;"-48,098";"-16,025"
"1.548.006";TAGUATINGA - ETA RD;Pluviométrica;"2";Sim;;"-15,79";"-48,113";"1.269";;RIO PARANÁ;"6";RIO PARANAÍBA;"60";;"0";DISTRITO FEDERAL;"27";BRASÍLIA;"27.001.000";Companhia de Saneamento Ambiental do Distrito Federal;CAESB;"77";;Companhia de Saneamento Ambiental do Distrito Federal;CAESB;"77";;;Não;;;Não;;;Não;;;Não;;;Não;;;Sim;31/12/1970;;Não;;;Não;;;Não;;;Não;;;Não;;;Não;Não;Não;Não;Sim;Nulo;Não;Não;Não;;;"-48,113";"-15,79"
"1.548.007";ETA - BRAZLÂNDIA;Pluviométrica;"2";Sim;;"-15,659";"-48,191";"1.098";;RIO PARANÁ;"6";RIO PARANAÍBA;"60";;"0";DISTRITO FEDERAL;"27";BRASÍLIA;"27.001.000";Companhia de Saneamento Ambiental do Distrito Federal;CAESB;"77";;Companhia de Saneamento Ambiental do Distrito Federal;CAESB;"77";;;Não;;;Não;;;Não;;;Não;;;Não;;;Sim;31/12/1970;;Sim;31/12/1970;;Não;;;Não;;;Não;;;Não;;;Não;Não;Não;Não;Sim;Nulo;Não;Não;Não;;;"-48,191";"-15,659"
"1.548.008";DESCOBERTO;Pluviométrica;"2";Sim;;"-15,779";"-48,23";"1.061";;RIO PARANÁ;"6";RIO PARANAÍBA;"60";;"0";DISTRITO FEDERAL;"27";BRASÍLIA;"27.001.000";Companhia de Saneamento Ambiental do Distrito Federal;CAESB;"77";;Companhia de Saneamento Ambiental do Distrito Federal;CAESB;"77";;;Não;;;Não;;;Não;;;Não;;;Não;;;Sim;30/9/1978;;Sim;30/11/2010;;Não;;;Sim;30/9/1978;;Não;;;Não;;;Não;Não;Não;Não;Sim;Nulo;Não;Não;Não;;;"-48,23";"-15,779"
"1.548.010";ETE RIACHO FUNDO-GM-3;Pluviométrica;"2";Sim;;"-15,891";"-48,025";"1.185";;RIO PARANÁ;"6";RIO PARANAÍBA;"60";;"0";DISTRITO FEDERAL;"27";BRASÍLIA;"27.001.000";Companhia de Saneamento Ambiental do Distrito Federal;CAESB;"77";;Companhia de Saneamento Ambiental do Distrito Federal;CAESB;"77";;;Não;;;Não;;;Não;;;Não;;;Não;;;Sim;30/9/1978;;Sim;30/9/1978;;Não;;;Não;;;Não;;;Não;;;Não;Não;Não;Não;Sim;Nulo;Não;Não;Não;;;"-48,025";"-15,891"
"1.548.014";UEPAE;Pluviométrica;"2";Sim;P29;"-15,933";"-48,133";"997,6";;RIO PARANÁ;"6";RIO PARANAÍBA;"60";;"0";DISTRITO FEDERAL;"27";BRASÍLIA;"27.001.000";Empresa Brasileira de Pesquisa Agropecuária;EMBRAPA/IPAGRO;"42";;Empresa Brasileira de Pesquisa Agropecuária;EMBRAPA/IPAGRO;"42";;;Não;;;Não;;;Não;;;Não;;;Não;;;Sim;31/12/1970;;Sim;31/12/1970;;Sim;31/12/1970;;Sim;31/12/1970;;Não;;;Não;;;Não;Não;Não;Nulo;Não;Nulo;Não;Não;Não;;;"-48,133";"-15,933"
"1.548.016";DESCOBERTO JUSANTE;Pluviométrica;"2";Sim;;"-15,78";"-48,233";"1.007,4";;RIO PARANÁ;"6";RIO PARANAÍBA;"60";;"0";DISTRITO FEDERAL;"27";BRASÍLIA;"27.001.000";Companhia de Saneamento Ambiental do Distrito Federal;CAESB;"77";;Companhia de Saneamento Ambiental do Distrito Federal;CAESB;"77";;;Não;;;Não;;;Não;;;Não;;;Não;;;Sim;28/2/1998;;Não;;;Não;;;Não;;;Não;;;Sim;28/2/1998;;Não;Não;Não;Não;Não;Nulo;Não;Não;Não;TELEMÉTRIC;;"-48,233";"-15,78"
"1.548.033";ETE - RECANTO DAS EMAS;Pluviométrica;"2";Sim;;"-15,932";"-48,112";"1.117";;RIO PARANÁ;"6";RIO PARANAÍBA;"60";;"0";DISTRITO FEDERAL;"27";BRASÍLIA;"27.001.000";Companhia de Saneamento Ambiental do Distrito Federal;CAESB;"77";;Companhia de Saneamento Ambiental do Distrito Federal;CAESB;"77";;;Não;;;Não;;;Não;;;Não;;;Não;;;Sim;30/4/2007;;Não;;;Não;;;Não;;;Não;;;Não;;;Não;Não;Não;Não;Não;Nulo;Não;Não;Não;;;"-48,112";"-15,932"
"1.548.034";ETE - MELCHIOR;Pluviométrica;"2";Sim;;"-15,866";"-48,153";"1.022";;RIO PARANÁ;"6";RIO PARANAÍBA;"60";;"0";DISTRITO FEDERAL;"27";BRASÍLIA;"27.001.000";Companhia de Saneamento Ambiental do Distrito Federal;CAESB;"77";;Companhia de Saneamento Ambiental do Distrito Federal;CAESB;"77";;;Não;;;Não;;;Não;;;Não;;;Não;;;Sim;30/4/2007;;Não;;;Não;;;Não;;;Não;;;Não;;;Não;Não;Não;Não;Não;Nulo;Não;Não;Não;;;"-48,153";"-15,866"
"1.548.037";TAGUATINGA;Pluviométrica;"2";Sim;ADASA;"-15,853";"-48,095";;;RIO PARANÁ;"6";RIO PARANAÍBA;"60";;"0";DISTRITO FEDERAL;"27";BRASÍLIA;"27.001.000";Agência Reguladora de Águas e Saneamento - DF;ADASA-DF;"190";;Serviço Geológico do Brasil;SGB-CPRM;"82";;;Não;;;Não;;;Não;;;Não;;;Não;;;Sim;31/3/2009;;Sim;30/4/2009;;Não;;;Não;;;Não;;;Não;31/7/2015;30/6/2017;Não;Não;Não;Não;Não;Nulo;Não;Não;Não;;;"-48,095";"-15,853"
"1.548.038";MELCHIOR;Pluviométrica;"2";Sim;ADASA;"-15,927";"-48,259";;;RIO PARANÁ;"6";RIO PARANAÍBA;"60";;"0";DISTRITO FEDERAL;"27";BRASÍLIA;"27.001.000";Agência Reguladora de Águas e Saneamento - DF;ADASA-DF;"190";;Serviço Geológico do Brasil;SGB-CPRM;"82";;"1";Não;;;Não;;;Não;;;Não;;;Não;;;Sim;31/3/2009;;Sim;31/3/2009;;Não;;;Não;;;Não;;;Sim;31/7/2020;;Não;Não;Não;Não;Não;Nulo;Não;Não;Não;TELEMÉTRICA;;"-48,259";"-15,927"
"1.548.039";SAMAMBAIA;Pluviométrica;"2";Sim;ADASA;"-15,944";"-48,248";;;RIO PARANÁ;"6";RIO PARANAÍBA;"60";;"0";DISTRITO FEDERAL;"27";BRASÍLIA;"27.001.000";Agência Reguladora de Águas e Saneamento - DF;ADASA-DF;"190";;Serviço Geológico do Brasil;SGB-CPRM;"82";;;Não;;;Não;;;Não;;;Não;;;Não;;;Sim;31/3/2009;;Sim;31/3/2009;;Não;;;Não;;;Não;;;Não;;;Não;Não;Não;Não;Não;Nulo;Não;Não;Não;;;"-48,248";"-15,944"
"1.548.040";VICENTE PIRES - MONTANTE;Pluviométrica;"2";Sim;ADASA;"-15,808";"-48,007";;;RIO PARANÁ;"6";RIO PARANAÍBA;"60";;"0";DISTRITO FEDERAL;"27";BRASÍLIA;"27.001.000";Agência Reguladora de Águas e Saneamento - DF;ADASA-DF;"190";;Serviço Geológico do Brasil;SGB-CPRM;"82";;;Não;;;Não;;;Não;;;Não;;;Não;;;Sim;31/3/2009;;Sim;31/3/2009;;Não;;;Não;;;Não;;;Não;;;Não;Não;Não;Não;Não;Nulo;Não;Não;Não;;;"-48,007";"-15,808"
"1.548.041";RADIOBRAS;Pluviométrica;"2";Sim;;"-15,599";"-48,132";"1.300";;RIO PARANÁ;"6";RIO PARANAÍBA;"60";;"0";DISTRITO FEDERAL;"27";BRASÍLIA;"27.001.000";Companhia de Saneamento Ambiental do Distrito Federal;CAESB;"77";;Companhia de Saneamento Ambiental do Distrito Federal;CAESB;"77";;;Não;;;Não;;;Não;;;Não;;;Não;;;Sim;31/12/2010;;Sim;31/12/2010;;Não;;;Não;;;Não;;;Não;;;Não;Não;Não;Não;Não;Nulo;Não;Não;Não;;;"-48,132";"-15,599"
"1.548.042";SANTA MARIA POR. 9;Pluviométrica;"2";Sim;;"-15,677";"-48,071";"1.245";;RIO PARANÁ;"6";RIO PARANAÍBA;"60";;"0";DISTRITO FEDERAL;"27";BRASÍLIA;"27.001.000";Companhia de Saneamento Ambiental do Distrito Federal;CAESB;"77";;Companhia de Saneamento Ambiental do Distrito Federal;CAESB;"77";;;Não;;;Não;;;Não;;;Não;;;Não;;;Sim;30/11/2011;;Sim;30/11/2011;;Não;;;Não;;;Não;;;Não;;;Não;Não;Não;Não;Não;Nulo;Não;Não;Não;;;"-48,071";"-15,677"
"1.548.048";BRASÍLIA_Águas Claras;Pluviométrica;"2";Sim;530010801;"-15,828";"-48,023";"1.122";;RIO PARANÁ;"6";RIO PARANAÍBA;"60";;"0";DISTRITO FEDERAL;"27";BRASÍLIA;"27.001.000";Centro Nacional de Monitoramento e Alertas de Desastres Naturais.;CEMADEN;"451";SP;Centro Nacional de Monitoramento e Alertas de Desastres Naturais.;CEMADEN;"451";SP;;Não;;;Não;;;Não;;;Não;;;Não;;;Sim;31/12/2013;;Não;;;Não;;;Não;;;Não;;;Sim;31/12/2013;;Não;Não;Não;Não;Não;Nulo;Não;Não;Não;TELEMÉTRICA;;"-48,023";"-15,828"
"1.548.049";BRASÍLIA_Ceilandia;Pluviométrica;"2";Sim;530010802;"-15,818";"-48,153";"1.166";;RIO PARANÁ;"6";RIO PARANAÍBA;"60";;"0";DISTRITO FEDERAL;"27";BRASÍLIA;"27.001.000";Centro Nacional de Monitoramento e Alertas de Desastres Naturais.;CEMADEN;"451";SP;Centro Nacional de Monitoramento e Alertas de Desastres Naturais.;CEMADEN;"451";SP;;Não;;;Não;;;Não;;;Não;;;Não;;;Sim;31/12/2013;;Não;;;Não;;;Não;;;Não;;;Sim;31/12/2013;;Não;Não;Não;Não;Não;Nulo;Não;Não;Não;TELEMÉTRICA;;"-48,153";"-15,818"
"1.548.051";RAP VICENTE PIRES;Pluviométrica;"2";Sim;;"-15,784";"-48,049";"1.259";;RIO PARANÁ;"6";RIO PARANAÍBA;"60";;"0";DISTRITO FEDERAL;"27";BRASÍLIA;"27.001.000";Companhia de Saneamento Ambiental do Distrito Federal;CAESB;"77";;Companhia de Saneamento Ambiental do Distrito Federal;CAESB;"77";;;Não;;;Não;;;Não;;;Não;;;Não;;;Sim;31/12/2016;;Não;;;Não;;;Não;;;Não;;;Não;;;Não;Não;Não;Não;Não;Nulo;Não;Não;Não;;;"-48,049";"-15,784"
"1.548.052";DESCOBERTO JUS. CAPTAÇÃO BARROCÃO;Pluviométrica;"2";Sim;;"-15,634";"-48,184";"1.094";;RIO PARANÁ;"6";RIO PARANAÍBA;"60";;"0";DISTRITO FEDERAL;"27";BRASÍLIA;"27.001.000";Companhia de Saneamento Ambiental do Distrito Federal;CAESB;"77";;Companhia de Saneamento Ambiental do Distrito Federal;CAESB;"77";;;Não;;;Não;;;Não;;;Não;;;Não;;;Não;;;Não;;;Não;;;Não;;;Não;;;Sim;30/9/2014;;Não;Não;Não;Não;Não;Nulo;Não;Não;Não;TELEMÉTRICA - VAISALA_GOES;;"-48,184";"-15,634"
"1.548.053";DESCOBERTO BARRAGEM;Pluviométrica;"2";Sim;;"-15,778";"-48,231";"1.032,97";;RIO PARANÁ;"6";RIO PARANAÍBA;"60";;"0";DISTRITO FEDERAL;"27";BRASÍLIA;"27.001.000";Companhia de Saneamento Ambiental do Distrito Federal;CAESB;"77";;Companhia de Saneamento Ambiental do Distrito Federal;CAESB;"77";;;Não;;;Não;;;Não;;;Não;;;Não;;;Não;;;Não;;;Não;;;Não;;;Não;;;Sim;31/10/2014;;Não;Não;Não;Não;Não;Nulo;Não;Não;Não;;;"-48,231";"-15,778"
"1.548.054";DESCOBERTO - BARRAGEM;Pluviométrica;"2";Sim;;"-15,778";"-48,231";"1.032,97";;RIO PARANÁ;"6";RIO PARANAÍBA;"60";;"0";DISTRITO FEDERAL;"27";BRASÍLIA;"27.001.000";Companhia de Saneamento Ambiental do Distrito Federal;CAESB;"77";;Companhia de Saneamento Ambiental do Distrito Federal;CAESB;"77";;"1";Não;;;Não;;;Não;;;Não;;;Não;;;Sim;31/10/2014;;Não;;;Não;;;Não;;;Não;;;Sim;31/10/2014;;Não;Não;Não;Não;Não;Nulo;Não;Não;Não;TELEMÉTRICA - VAISALA_GOES;;"-48,231";"-15,778"
"1.548.055";DESCOBERTO - CHACARA 89;Pluviométrica;"2";Sim;;"-15,709";"-48,234";"1.034,89";;RIO PARANÁ;"6";RIO PARANAÍBA;"60";;"0";DISTRITO FEDERAL;"27";BRASÍLIA;"27.001.000";Companhia de Saneamento Ambiental do Distrito Federal;CAESB;"77";;Companhia de Saneamento Ambiental do Distrito Federal;CAESB;"77";;"14";Não;;;Não;;;Não;;;Não;;;Não;;;Não;;;Não;;;Não;;;Não;;;Não;;;Sim;31/12/2016;;Não;Não;Não;Não;Não;Nulo;Não;Não;Não;TELEMÉTRICA - VAISALA_GOES;;"-48,234";"-15,709"
"1.548.056";DESCOBERTO JUS. CAPTAÇÃO BARRACÃO;Pluviométrica;"2";Sim;;"-15,634";"-48,184";"1.094";;RIO PARANÁ;"6";RIO PARANAÍBA;"60";;"0";DISTRITO FEDERAL;"27";BRASÍLIA;"27.001.000";Companhia de Saneamento Ambiental do Distrito Federal;CAESB;"77";;Companhia de Saneamento Ambiental do Distrito Federal;CAESB;"77";;"1";Não;;;Não;;;Não;;;Não;;;Não;;;Sim;30/9/2014;;Não;;;Não;;;Não;;;Não;;;Sim;30/9/2014;;Não;Não;Não;Não;Não;Nulo;Não;Não;Não;TELEMÉTRICA - VAISALA_GOES;;"-48,184";"-15,634"
"1.548.057";RODEADOR - DF 435;Pluviométrica;"2";Sim;;"-15,725";"-48,168";"1.035,16";;RIO PARANÁ;"6";RIO PARANAÍBA;"60";;"0";DISTRITO FEDERAL;"27";BRASÍLIA;"27.001.000";Companhia de Saneamento Ambiental do Distrito Federal;CAESB;"77";;Companhia de Saneamento Ambiental do Distrito Federal;CAESB;"77";;"13";Não;;;Não;;;Não;;;Não;;;Não;;;Sim;31/12/2016;;Não;;;Não;;;Não;;;Não;;;Sim;31/12/2016;;Não;Não;Não;Não;Não;Nulo;Não;Não;Não;TELEMÉTRICA - VAISALA_GOES;;"-48,168";"-15,725"
"1.548.058";RIBEIRÃO DAS PEDRAS;Pluviométrica;"2";Sim;ADASA;"-15,762";"-48,159";;;RIO PARANÁ;"6";RIO PARANAÍBA;"60";;"0";DISTRITO FEDERAL;"27";BRASÍLIA;"27.001.000";Agência Reguladora de Águas e Saneamento - DF;ADASA-DF;"190";DF;Serviço Geológico do Brasil;SGB-CPRM;"82";DF;"1";Não;;;Não;;;Não;;;Não;;;Não;;;Sim;31/1/2020;;Não;;;Não;;;Não;;;Não;;;Sim;31/1/2020;;Não;Não;Não;Não;Não;Nulo;Não;Não;Não;TELEMÉTRICA;;"-48,159";"-15,762"
"1.548.059";RIO DESCOBERTO;Pluviométrica;"2";Sim;ADASA;"-15,931";"-48,258";;;RIO PARANÁ;"6";RIO PARANAÍBA;"60";;"0";DISTRITO FEDERAL;"27";BRASÍLIA;"27.001.000";Agência Reguladora de Águas e Saneamento - DF;ADASA-DF;"190";DF;Serviço Geológico do Brasil;SGB-CPRM;"82";DF;"1";Não;;;Não;;;Não;;;Não;;;Não;;;Sim;31/1/2020;;Não;;;Não;;;Não;;;Não;;;Sim;31/1/2020;;Não;Não;Não;Não;Não;Nulo;Não;Não;Não;TELEMÉTRICA;;"-48,257";"-15,931"
"1.548.060";CAPÃO DA ONÇA MONTANTE CAPTAÇÃO;Pluviométrica;"2";Sim;;"-15,657";"-48,165";"1.161";;RIO PARANÁ;"6";RIO PARANAÍBA;"60";;"0";DISTRITO FEDERAL;"27";BRASÍLIA;"27.001.000";Companhia de Saneamento Ambiental do Distrito Federal;CAESB;"77";DF;Companhia de Saneamento Ambiental do Distrito Federal;CAESB;"77";DF;;Não;;;Não;;;Não;;;Não;;;Não;;;Sim;31/12/2018;;Não;;;Não;;;Não;;;Não;;;Sim;31/12/2018;;Não;Não;Não;Não;Não;Nulo;Não;Não;Não;TELEMÉTRICA;;"-48,165";"-15,657"
"1.548.061";DESCOBERTO - BARRAGEM (ADASA);Pluviométrica;"2";Sim;ADASA;"-15,778";"-48,231";"1.033";;RIO PARANÁ;"6";RIO PARANAÍBA;"60";;"0";DISTRITO FEDERAL;"27";BRASÍLIA;"27.001.000";Agência Reguladora de Águas e Saneamento - DF;ADASA-DF;"190";DF;Serviço Geológico do Brasil;SGB-CPRM;"82";GO;"1";Não;;;Não;;;Não;;;Não;;;Não;;;Não;;;Não;;;Não;;;Não;;;Não;;;Sim;31/10/2014;;Não;Não;Não;Não;Não;Nulo;Não;Não;Não;;;"-48,231";"-15,778"
"1.548.062";DESCOBERTO - CHACARA 89 (ADASA);Pluviométrica;"2";Sim;ADASA;"-15,709";"-48,234";"1.035";;RIO PARANÁ;"6";RIO PARANAÍBA;"60";;"0";DISTRITO FEDERAL;"27";BRASÍLIA;"27.001.000";Agência Reguladora de Águas e Saneamento - DF;ADASA-DF;"190";DF;Serviço Geológico do Brasil;SGB-CPRM;"82";GO;"1";Não;;;Não;;;Não;;;Não;;;Não;;;Não;;;Não;;;Não;;;Não;;;Não;;;Sim;31/12/2016;;Não;Não;Não;Não;Não;Nulo;Não;Não;Não;TELEMÉTRICA - VAISALA_GOES;;"-48,234";"-15,709"
"1.548.063";RODEADOR - DF 435 (ADASA);Pluviométrica;"2";Sim;ADASA;"-15,725";"-48,168";"1.035";;RIO PARANÁ;"6";RIO PARANAÍBA;"60";;"0";DISTRITO FEDERAL;"27";BRASÍLIA;"27.001.000";Agência Reguladora de Águas e Saneamento - DF;ADASA-DF;"190";DF;Serviço Geológico do Brasil;SGB-CPRM;"82";GO;"1";Não;;;Não;;;Não;;;Não;;;Não;;;Não;;;Não;;;Não;;;Não;;;Não;;;Sim;31/12/2016;;Não;Não;Não;Não;Não;Nulo;Não;Não;Não;TELEMÉTRICA - VAISALA_GOES;;"-48,168";"-15,725"
"1.647.009";RIO SÃO BERNARDO;Pluviométrica;"2";Sim;ANA;"-16,036";"-47,415";"869";;RIO SÃO FRANCISCO;"4";RIOS SÃO FRANCISCO,PARACATU E;"42";;"0";DISTRITO FEDERAL;"27";BRASÍLIA;"27.001.000";Agência Nacional de Águas ;ANA;"1";DF;Serviço Geológico do Brasil;SGB-CPRM;"82";GO;"95";Não;;;Não;;;Não;;;Não;;;Não;;;Sim;28/2/2006;;Não;31/3/2006;30/11/2018;Não;;;Não;;;Não;;;Sim;31/10/2014;;Sim;Não;Não;Não;Não;Nulo;Não;Não;Não;TELEMÉTRICA - VAISALA_GOES;;"-47,415";"-16,036"
"1.647.013";CACHOEIRINHA;Pluviométrica;"2";Sim;ADASA;"-16,036";"-47,685";;;RIO PARANÁ;"6";RIO PARANAÍBA;"60";;"0";DISTRITO FEDERAL;"27";BRASÍLIA;"27.001.000";Agência Reguladora de Águas e Saneamento - DF;ADASA-DF;"190";;Serviço Geológico do Brasil;SGB-CPRM;"82";;"1";Não;;;Não;;;Não;;;Não;;;Não;;;Sim;31/3/2009;;Sim;31/3/2009;;Não;;;Não;;;Não;;;Sim;31/7/2020;;Não;Não;Não;Não;Não;Nulo;Não;Não;Não;TELEMÉTRICA;;"-47,685";"-16,036"
"1.647.014";SANTANA;Pluviométrica;"2";Sim;ADASA;"-16,051";"-47,744";;;RIO PARANÁ;"6";RIO PARANAÍBA;"60";;"0";DISTRITO FEDERAL;"27";BRASÍLIA;"27.001.000";Agência Reguladora de Águas e Saneamento - DF;ADASA-DF;"190";;Serviço Geológico do Brasil;SGB-CPRM;"82";;"1";Não;;;Não;;;Não;;;Não;;;Não;;;Sim;31/3/2009;;Sim;31/3/2009;;Não;;;Não;;;Não;;;Sim;31/7/2020;;Não;Não;Não;Não;Não;Nulo;Não;Não;Não;TELEMÉTRICA;;"-47,744";"-16,051"
"1.647.016";SÃO BERNARDO;Pluviométrica;"2";Sim;ADASA;"-16,015";"-47,534";;;RIO SÃO FRANCISCO;"4";RIOS SÃO FRANCISCO,PARACATU E;"42";;"0";DISTRITO FEDERAL;"27";BRASÍLIA;"27.001.000";Agência Reguladora de Águas e Saneamento - DF;ADASA-DF;"190";;JCTM Ltda.;JCTM;"287";;;Não;;;Não;;;Não;;;Não;;;Não;;;Sim;31/3/2009;;Não;;;Não;;;Não;;;Não;;;Não;;;Não;Não;Não;Não;Não;Nulo;Não;Não;Não;;;"-47,534";"-16,015"
"1.647.094";CÓRREGO SAIA VELHA;Pluviométrica;"2";Sim;ADASA;"-16,05";"-47,938";;;RIO PARANÁ;"6";RIO PARANAÍBA;"60";;"0";DISTRITO FEDERAL;"27";BRASÍLIA;"27.001.000";Agência Reguladora de Águas e Saneamento - DF;ADASA-DF;"190";;Serviço Geológico do Brasil;SGB-CPRM;"82";;"1";Não;;;Não;;;Não;;;Não;;;Não;;;Não;;;Não;;;Não;;;Não;;;Não;;;Sim;31/7/2020;;Não;Não;Não;Não;Não;Nulo;Não;Não;Não;TELEMÉTRICA;;"-47,938";"-16,05"
"1.647.096";RIBEIRÃO MARIA PEREIRA;Pluviométrica;"2";Sim;ADASA;"-16,042";"-47,849";;;RIO PARANÁ;"6";RIO PARANAÍBA;"60";;"0";DISTRITO FEDERAL;"27";BRASÍLIA;"27.001.000";Agência Reguladora de Águas e Saneamento - DF;ADASA-DF;"190";DF;Agência Reguladora de Águas e Saneamento - DF;ADASA-DF;"190";DF;"1";Não;;;Não;;;Não;;;Não;;;Não;;;Sim;31/1/2020;;Não;;;Não;;;Não;;;Não;;;Sim;31/1/2020;;Não;Não;Não;Não;Não;Nulo;Não;Não;Não;TELEMÉTRICA;;"-47,849";"-16,042"
"1.648.018";PONTE ALTA;Pluviométrica;"2";Sim;ADASA;"-16,036";"-48,133";;;RIO PARANÁ;"6";RIO PARANAÍBA;"60";;"0";DISTRITO FEDERAL;"27";BRASÍLIA;"27.001.000";Agência Reguladora de Águas e Saneamento - DF;ADASA-DF;"190";;Serviço Geológico do Brasil;SGB-CPRM;"82";;"1";Não;;;Não;;;Não;;;Não;;;Não;;;Sim;31/3/2009;;Sim;31/3/2009;;Não;;;Não;;;Não;;;Sim;31/7/2020;;Não;Não;Não;Não;Não;Nulo;Não;Não;Não;TELEMÉTRICA;;"-48,133";"-16,036"
"1.648.019";ALAGADO;Pluviométrica;"2";Sim;ADASA;"-16,046";"-48,083";;;RIO PARANÁ;"6";RIO PARANAÍBA;"60";;"0";DISTRITO FEDERAL;"27";BRASÍLIA;"27.001.000";Agência Reguladora de Águas e Saneamento - DF;ADASA-DF;"190";;Serviço Geológico do Brasil;SGB-CPRM;"82";;"1";Não;;;Não;;;Não;;;Não;;;Não;;;Sim;31/3/2009;;Sim;31/3/2009;;Não;;;Não;;;Não;;;Sim;31/7/2020;;Não;Não;Não;Não;Não;Nulo;Não;Não;Não;TELEMÉTRICA;;"-48,082";"-16,046"
"1.648.020";SÍTIO DAS NEVES;Pluviométrica;"2";Sim;;"-16,007";"-48,245";"1.003";;RIO PARANÁ;"6";RIO PARANAÍBA;"60";;"0";DISTRITO FEDERAL;"27";BRASÍLIA;"27.001.000";Eugênio Giovenardi;GIOVENARDI;"367";DF;Eugênio Giovenardi;GIOVENARDI;"367";DF;"1";Não;;;Não;;;Não;;;Não;;;Não;;;Sim;31/10/2012;;Não;;;Não;;;Não;;;Não;;;Não;;;Não;Não;Não;Não;Não;Nulo;Não;Não;Não;HIDROOBSERVA;;"-48,245";"-16,007"
"1.648.035";ALAGADO MONTANTE CORUMBÁ;Pluviométrica;"2";Sim;;"-16,097";"-48,149";"815";;RIO PARANÁ;"6";RIO PARANAÍBA;"60";;"0";DISTRITO FEDERAL;"27";BRASÍLIA;"27.001.000";Companhia de Saneamento Ambiental do Distrito Federal;CAESB;"77";DF;Companhia de Saneamento Ambiental do Distrito Federal;CAESB;"77";DF;;Não;;;Não;;;Não;;;Não;;;Não;;;Sim;30/4/2020;;Sim;30/4/2020;;Não;;;Não;;;Não;;;Sim;30/4/2020;;Não;Não;Não;Não;Não;Não;Não;Não;Não;;;"-48,149";"-16,097"
"9.999.999";ESTACAO TESTE_PLU;Pluviométrica;"2";Sim;ANA;"-15,818";"-47,945";"1.150";;RIO PARANÁ;"6";RIO PARANAÍBA;"60";;"0";DISTRITO FEDERAL;"27";BRASÍLIA;"27.001.000";Agência Nacional de Águas ;ANA;"1";DF;Agência Nacional de Águas ;ANA;"1";DF;"1";Não;;;Não;;;Não;;;Não;;;Não;;;Sim;31/12/2022;;Não;;;Não;;;Não;;;Não;;;Sim;31/12/2022;;Não;Não;Não;Não;Não;Nulo;Não;Não;Não;HIDROOBSERVA TELEMÉTRICA;;"-47,945";"-15,818"
